rowNo,templateRow,key,category,guideline,assessmentForm,assessmentStage,assessmentSection
1,7,performance.avg_load_time,Performance,Website load-time is reasonable,Web Accessibility Assessment Form - Web Usability,Usability - Accessibility,A User Experience
2,8,navigation.home_link_accessible,Navigation,Site logo is easy to find and links to the home page,Web Accessibility Assessment Form - Web Usability,Usability - Accessibility,A User Experience
3,9,navigation.about_contact_home_links,Navigation,The About Us Contact Us and Home links are easy to find,Web Accessibility Assessment Form - Web Usability,Usability - Accessibility,A User Experience
4,10,navigation.back_to_homepage,Navigation,User easily gets back to homepage or a relevant start point,Web Accessibility Assessment Form - Web Usability,Usability - Accessibility,A User Experience
5,11,content.tag_meta_descriptions,Content & Text,Page tags meta descriptions headers and URLs are clear and descriptive,Web Accessibility Assessment Form - Web Usability,Usability - Accessibility,B Content and Text
6,12,content.text_readability,Content & Text,Text on the page is easy to read,Web Accessibility Assessment Form - Web Usability,Usability - Accessibility,B Content and Text
7,13,content.relevance_detail,Content & Text,Content on the page is sufficiently relevant and detailed to meet user goals,Web Accessibility Assessment Form - Web Usability,Usability - Accessibility,B Content and Text
8,14,content.terminology_consistency,Content & Text,Terms language and tone used are consistent (e.g. the same term is used throughout),Web Accessibility Assessment Form - Web Usability,Usability - Accessibility,B Content and Text
9,15,content.language_tone_appropriate,Content & Text,Language terminology and tone used is appropriate and readily understood by the target audience,Web Accessibility Assessment Form - Web Usability,Usability - Accessibility,B Content and Text
10,16,a11y.image_alt,Technical Accessibility,Images have appropriate ALT tags,Web Accessibility Assessment Form - Web Usability,Usability - Accessibility,B Content and Text
11,17,content.legibility_contrast,Content & Text,Text and content is legible and scannable with good typography and visual contrast,Web Accessibility Assessment Form - Web Usability,Usability - Accessibility,B Content and Text
12,18,content.font_spacing,Content & Text,Font size/spacing is easy to read,Web Accessibility Assessment Form - Web Usability,Usability - Accessibility,B Content and Text
13,19,content.flash_addons,Content & Text,Flash & add-ons are used sparingly,Web Accessibility Assessment Form - Web Usability,Usability - Accessibility,B Content and Text
14,20,a11y.descriptive_links,Content & Text,Links are clear descriptive and well labeled,Web Accessibility Assessment Form - Web Usability,Usability - Accessibility,B Content and Text
15,21,error.custom_404,Error Handling,There is a custom 404 page for broken links,Web Accessibility Assessment Form - Web Usability,Usability - Accessibility,C Error Handling
16,22,error.recovery,Error Handling,Users can easily recover (i.e. not have to start again) from errors,Web Accessibility Assessment Form - Web Usability,Usability - Accessibility,C Error Handling
17,23,error.messages,Error Handling,Error messages are concise written in easy to understand language and describe what occurred and what action is necessary,Web Accessibility Assessment Form - Web Usability,Usability - Accessibility,C Error Handling
18,24,identity.logo_featured,Brand Identity,Site logo is easy to find (i.e. located on top of the page),Web Accessibility Assessment Form - Web Usability,Usability - Identity,A Company / site logo is prominently placed
19,25,identity.logo_home_link,Brand Identity,Site logo links to the home page,Web Accessibility Assessment Form - Web Usability,Usability - Identity,A Company / site logo is prominently placed
20,26,identity.logo_size,Brand Identity,Follow recommended logo size as prescribed in GWT,Web Accessibility Assessment Form - Web Usability,Usability - Identity,A Company / site logo is prominently placed
21,27,identity.tagline_purpose,Brand Identity,Tagline makes company's purpose clear,Web Accessibility Assessment Form - Web Usability,Usability - Identity,B Home-page is digestible in 5 seconds
22,28,identity.homepage_digestible,Brand Identity,Purpose of the site and critical actions are clear within 5 seconds,Web Accessibility Assessment Form - Web Usability,Usability - Identity,B Home-page is digestible in 5 seconds
23,29,navigation.access_site,Navigation,Users can easily access the site or application,Web Accessibility Assessment Form - Web Usability,Usability - Navigation,A Main navigation is easily identifiable
24,30,navigation.back_start_point,Navigation,Users can easily get back to the homepage or to a relevant start point,Web Accessibility Assessment Form - Web Usability,Usability - Navigation,A Main navigation is easily identifiable
25,31,navigation.sitemap_structure,Navigation,A clear and well structure site map or index is provided (if applicable),Web Accessibility Assessment Form - Web Usability,Usability - Navigation,A Main navigation is easily identifiable
26,32,navigation.scheme_consistency,Navigation,The navigation scheme (e.g. menu) is easy to find intuitive and consistent,Web Accessibility Assessment Form - Web Usability,Usability - Navigation,A Main navigation is easily identifiable
27,33,navigation.structure_understanding,Navigation,The site of application structure is easily understood and addresses common user goals,Web Accessibility Assessment Form - Web Usability,Usability - Navigation,B Navigation labels are clear & concise
28,34,navigation.tags_meta_clear,Navigation,The tags meta descriptions headers and URLs are clear and descriptive,Web Accessibility Assessment Form - Web Usability,Usability - Navigation,B Navigation labels are clear & concise
29,35,browser.standard_functions,Browser Compatibility,Number of buttons/links is reasonable,Web Accessibility Assessment Form - Web Usability,Usability - Navigation,C Browser standard functions are supported
30,36,browser.mobile_viewability,Browser Compatibility,The important site content is viewable on a small monitor without scrolling,Web Accessibility Assessment Form - Web Usability,Usability - Navigation,C Browser standard functions are supported
31,37,navigation.logo_homepage_link,Navigation,Company logo is linked to home-page,Web Accessibility Assessment Form - Web Usability,Usability - Navigation,D Company logo is linked to home-page
32,38,content.headings_descriptive,Content,Title tags are descriptive,Web Accessibility Assessment Form - Web Usability,Usability - Content,A Major headings are clear & descriptive
33,39,content.meta_descriptive,Content,Meta descriptions are descriptive,Web Accessibility Assessment Form - Web Usability,Usability - Content,A Major headings are clear & descriptive
34,40,content.headers_descriptive,Content,Headers are descriptive,Web Accessibility Assessment Form - Web Usability,Usability - Content,A Major headings are clear & descriptive
35,41,content.urls_descriptive,Content,URLs are descriptive,Web Accessibility Assessment Form - Web Usability,Usability - Content,A Major headings are clear & descriptive
36,42,content.critical_above_fold_line,Content,The line where the critical news / story or photograph is often located,Web Accessibility Assessment Form - Web Usability,Usability - Content,B Critical content is above the fold
37,43,content.critical_purpose_clear,Content,Purpose of the site and the critical actions are clear within 5 seconds,Web Accessibility Assessment Form - Web Usability,Usability - Content,B Critical content is above the fold
38,44,content.critical_eye_path,Content,Critical content is where the user's eye naturally goes,Web Accessibility Assessment Form - Web Usability,Usability - Content,B Critical content is above the fold
39,45,a11y.color_contrast,Technical Accessibility,Color is not used as the sole method of conveying information,Web Accessibility Assessment Form - Web Usability,Usability - Content,C Styles & colours are consistent
40,46,a11y.color_links,Technical Accessibility,Color alone is not used to distinguish links from surrounding text unless the luminance contrast is at least 3:1,Web Accessibility Assessment Form - Web Usability,Usability - Content,C Styles & colours are consistent
41,47,content.emphasis_sparingly,Content,Emphasis (bold etc.) is used sparingly,Web Accessibility Assessment Form - Web Usability,Usability - Content,D Emphasis is used sparingly
42,48,content.no_seizure_content,Content,No page content flashes more than 3 times per second unless required or low contrast,Web Accessibility Assessment Form - Web Usability,Usability - Content,E Ads & pop-ups are unobtrusive
43,49,content.no_excessive_flashing,Content,Page does not contain too much red or flashing content,Web Accessibility Assessment Form - Web Usability,Usability - Content,E Ads & pop-ups are unobtrusive
44,50,content.copy_concise,Content,Main copy is concise & explanatory,Web Accessibility Assessment Form - Web Usability,Usability - Content,F Main copy is concise & explanatory
45,51,content.page_titles_explanatory,Content,HTML page titles are explanatory,Web Accessibility Assessment Form - Web Usability,Usability - Content,G HTML page titles are explanatory
46,52,company_info.about_link,Company Information,About Us link is easy to find,Web Accessibility Assessment Form - Web Usability,Usability - Content,Clear path to company information
47,53,company_info.home_link,Company Information,Home link is easy to find,Web Accessibility Assessment Form - Web Usability,Usability - Content,Clear path to company information
48,54,company_info.transparency_link,Company Information,Transparency Link is easy to find,Web Accessibility Assessment Form - Web Usability,Usability - Content,Clear path to company information
49,55,company_info.key_official,Company Information,Key Official Corner is easy to find,Web Accessibility Assessment Form - Web Usability,Usability - Content,Clear path to company information
50,56,contact_info.phone,Contact Information,Telephone Number is provided,Web Accessibility Assessment Form - Web Usability,Usability - Content,Clear path to contact information - Contact Us Link
51,57,contact_info.fax,Contact Information,Fax Number is provided,Web Accessibility Assessment Form - Web Usability,Usability - Content,Clear path to contact information - Contact Us Link
52,58,contact_info.mobile,Contact Information,Mobile Number is provided,Web Accessibility Assessment Form - Web Usability,Usability - Content,Clear path to contact information - Contact Us Link
53,59,contact_info.email,Contact Information,Email Address is provided,Web Accessibility Assessment Form - Web Usability,Usability - Content,Clear path to contact information - Contact Us Link
54,60,contact_info.social_networks,Contact Information,Social Networking Sites Link is provided,Web Accessibility Assessment Form - Web Usability,Usability - Content,Clear path to contact information - Contact Us Link
55,61,contact_info.feedback_form,Contact Information,Feedback Form is provided,Web Accessibility Assessment Form - Web Usability,Usability - Content,Clear path to contact information - Contact Us Link
56,62,presence.home,Presence & Identity,Home link is present,Web Accessibility Assessment Form - Web Presence,Stage 1 - Emerging Web Presence,A Basic Web Feature
57,63,presence.pst,Presence & Identity,Philippine Standard Time is present,Web Accessibility Assessment Form - Web Presence,Stage 1 - Emerging Web Presence,A Basic Web Feature
58,64,presence.govph_footer_link,Presence & Identity,Links to other agencies (GOV.PH and Standard Footer),Web Accessibility Assessment Form - Web Presence,Stage 1 - Emerging Web Presence,A Basic Web Feature
59,65,presence.sitemap,Presence & Identity,Site Map is present,Web Accessibility Assessment Form - Web Presence,Stage 1 - Emerging Web Presence,A Basic Web Feature
60,66,presence.logo_masthead,Presence & Identity,Agency Name and Logos (Masthead),Web Accessibility Assessment Form - Web Presence,Stage 1 - Emerging Web Presence,B Info About the Agencies
61,67,presence.about_us,Presence & Identity,About Us section is present,Web Accessibility Assessment Form - Web Presence,Stage 1 - Emerging Web Presence,B Info About the Agencies
62,68,presence.organization_structure,Presence & Identity,Organization Structure is documented,Web Accessibility Assessment Form - Web Presence,Stage 1 - Emerging Web Presence,B Info About the Agencies
63,69,presence.key_officials,Presence & Identity,Key Officials information is provided,Web Accessibility Assessment Form - Web Presence,Stage 1 - Emerging Web Presence,B Info About the Agencies
64,70,presence.contact_details,Presence & Identity,Contact Details (Phone/Fax/Email/Address) are provided,Web Accessibility Assessment Form - Web Presence,Stage 1 - Emerging Web Presence,B Info About the Agencies
65,71,presence.citizens_charter,Presence & Identity,Citizens' Charter is documented,Web Accessibility Assessment Form - Web Presence,Stage 1 - Emerging Web Presence,C Strategic Information of the Agency
66,72,presence.transparency_seal,Presence & Identity,Transparency Seal is present,Web Accessibility Assessment Form - Web Presence,Stage 1 - Emerging Web Presence,C Strategic Information of the Agency
67,73,presence.mission_vision,Presence & Identity,Mission and Vision statements are documented,Web Accessibility Assessment Form - Web Presence,Stage 1 - Emerging Web Presence,C Strategic Information of the Agency
68,74,presence.org_objectives,Presence & Identity,Organization Aims and Objectives are documented,Web Accessibility Assessment Form - Web Presence,Stage 1 - Emerging Web Presence,C Strategic Information of the Agency
69,75,presence.mandate_functions,Presence & Identity,Mandate and Functions are documented,Web Accessibility Assessment Form - Web Presence,Stage 1 - Emerging Web Presence,C Strategic Information of the Agency
70,76,presence.products_services,Presence & Identity,Products or Services are documented,Web Accessibility Assessment Form - Web Presence,Stage 1 - Emerging Web Presence,C Strategic Information of the Agency
71,77,presence.plans_programs,Presence & Identity,Plans Programs and Projects are documented,Web Accessibility Assessment Form - Web Presence,Stage 1 - Emerging Web Presence,C Strategic Information of the Agency
72,78,presence.policy_releases,Presence & Identity,Policy/Regulation Releases are published,Web Accessibility Assessment Form - Web Presence,Stage 1 - Emerging Web Presence,C Strategic Information of the Agency
73,79,presence.major_outputs,Presence & Identity,Major Final Outputs / PREAC (Budget Circulars etc) are published,Web Accessibility Assessment Form - Web Presence,Stage 1 - Emerging Web Presence,C Strategic Information of the Agency
74,80,resources.downloads,Resources,Downloads section is available,Web Accessibility Assessment Form - Web Presence,Stage 1 - Emerging Web Presence,D Resources
75,81,resources.archives,Resources,Archives section is available,Web Accessibility Assessment Form - Web Presence,Stage 1 - Emerging Web Presence,D Resources
76,82,resources.faqs,Resources,FAQs section is available,Web Accessibility Assessment Form - Web Presence,Stage 1 - Emerging Web Presence,D Resources
77,83,resources.opportunities,Resources,Opportunities section is available,Web Accessibility Assessment Form - Web Presence,Stage 1 - Emerging Web Presence,D Resources
78,84,resources.announcements,Resources,Announcements/Latest News/Events section is available,Web Accessibility Assessment Form - Web Presence,Stage 1 - Emerging Web Presence,D Resources
79,85,content.information_uptodate,Content,Information/data is up to date,Web Accessibility Assessment Form - Web Presence,Stage 2 - Enhanced Web Presence,A Accessible information at the website which will be regularly updated at least 5 times
80,86,content.news_releases,Content,News/press releases/announcements are present,Web Accessibility Assessment Form - Web Presence,Stage 2 - Enhanced Web Presence,A Accessible information at the website which will be regularly updated at least 5 times
81,87,features.search_sitemap,Features,Search function and sitemap,Web Accessibility Assessment Form - Web Presence,Stage 2 - Enhanced Web Presence,B Search function and sitemap
82,88,services.eservices,eServices,e-Services are available,Web Accessibility Assessment Form - Web Presence,Stage 3 - Transactional Online Services,A e-Services Available
83,89,security.ssl,Security,SSL certificate is implemented,Web Accessibility Assessment Form - Web Presence,Stage 3 - Transactional Online Services,B Security
84,90,security.privacy_policy,Security,Privacy Policy is documented,Web Accessibility Assessment Form - Web Presence,Stage 3 - Transactional Online Services,B Security
85,91,security.captcha,Security,CAPTCHA is implemented for form protection,Web Accessibility Assessment Form - Web Presence,Stage 3 - Transactional Online Services,B Security
86,92,participation.rss,eParticipation,RSS feed is available,Web Accessibility Assessment Form - Web Presence,Stage 3 - Transactional Online Services,C Simple e-Participation
87,93,participation.other_forms,eParticipation,Other Forms of e-Participation are available,Web Accessibility Assessment Form - Web Presence,Stage 3 - Transactional Online Services,C Simple e-Participation
88,94,features.email_alerts,Other Features,e-Mail alerts for participation are available,Web Accessibility Assessment Form - Web Presence,Stage 3 - Transactional Online Services,D Other Features
89,95,features.downloadable_docs,Other Features,Downloadable Documents/Reports are available,Web Accessibility Assessment Form - Web Presence,Stage 3 - Transactional Online Services,D Other Features
90,96,features.esignature,Other Features,e-Signature capability is available,Web Accessibility Assessment Form - Web Presence,Stage 3 - Transactional Online Services,D Other Features
91,97,features.user_login,Other Features,Public User login and password functionality is available,Web Accessibility Assessment Form - Web Presence,Stage 3 - Transactional Online Services,D Other Features
92,98,features.confirmation_request,Other Features,Confirmation of request functionality is available,Web Accessibility Assessment Form - Web Presence,Stage 3 - Transactional Online Services,D Other Features
93,99,features.online_forms,Other Features,Online Forms are available,Web Accessibility Assessment Form - Web Presence,Stage 3 - Transactional Online Services,D Other Features
94,100,policy.mission_statement,Policy & Participation,e-participation policy and mission statement is documented,Web Accessibility Assessment Form - Web Presence,Stage 4 - Connected,A e-participation policy and mission statement
95,101,policy.upcoming_participation,Policy & Participation,Expanding coverage of upcoming e-participation activities is documented,Web Accessibility Assessment Form - Web Presence,Stage 4 - Connected,B Expanding coverage of upcoming e-participation activities
96,102,policy.archived_participation,Policy & Participation,Archived information about e-participation activities is documented,Web Accessibility Assessment Form - Web Presence,Stage 4 - Connected,C Archived information about e-participation activities
97,103,tools.discussion_forums,Participation Tools,Discussion Forums are available,Web Accessibility Assessment Form - Web Presence,Stage 4 - Connected,D e-participation tools to obtain public opinion
98,104,tools.satisfaction_surveys,Participation Tools,Customer Satisfaction Surveys are available,Web Accessibility Assessment Form - Web Presence,Stage 4 - Connected,D e-participation tools to obtain public opinion
99,105,tools.opinion_polls,Participation Tools,Opinion Polls are available,Web Accessibility Assessment Form - Web Presence,Stage 4 - Connected,D e-participation tools to obtain public opinion
100,106,tools.blogs,Participation Tools,Blogs are available,Web Accessibility Assessment Form - Web Presence,Stage 4 - Connected,D e-participation tools to obtain public opinion
101,107,tools.social_networks,Participation Tools,Social Networking Sites integration is available,Web Accessibility Assessment Form - Web Presence,Stage 4 - Connected,D e-participation tools to obtain public opinion
102,108,tools.bulletin_boards,Participation Tools,Bulletin Boards/short page links are available,Web Accessibility Assessment Form - Web Presence,Stage 4 - Connected,D e-participation tools to obtain public opinion
103,109,tools.chat_room,Participation Tools,Chat Room is available,Web Accessibility Assessment Form - Web Presence,Stage 4 - Connected,D e-participation tools to obtain public opinion
104,110,tools.webcasting,Participation Tools,Web Casting is available,Web Accessibility Assessment Form - Web Presence,Stage 4 - Connected,D e-participation tools to obtain public opinion
105,111,feedback.strategy_feedback,Citizen Feedback,Citizen feedback on national strategy policies and e-services is collected,Web Accessibility Assessment Form - Web Presence,Stage 4 - Connected,E Citizen feedback on the national strategy policies and e-services
106,112,feedback.publication_results,Citizen Feedback,Results of citizen feedback are published,Web Accessibility Assessment Form - Web Presence,Stage 4 - Connected,F Provision for publishing the results of citizen feedback
107,113,feedback.archive_responses,Citizen Feedback,Archive of government responses to citizen questions is maintained,Web Accessibility Assessment Form - Web Presence,Stage 4 - Connected,G Archive on responses by government to citizen's questions
